{"0": {"precision": 0.9974860506468821, "recall": 0.9993856739157144, "f1-score": 0.9984349587258723, "support": 16278.0}, "1": {"precision": 0.9896373056994818, "recall": 0.9825102880658436, "f1-score": 0.986060918946825, "support": 972.0}, "2": {"precision": 0.8817204301075269, "recall": 0.8723404255319149, "f1-score": 0.8770053475935828, "support": 94.0}, "3": {"precision": 0.88, "recall": 0.7674418604651163, "f1-score": 0.8198757763975155, "support": 86.0}, "4": {"precision": 0.997275204359673, "recall": 0.9905277401894452, "f1-score": 0.9938900203665988, "support": 1478.0}, "5": {"precision": 0.9453125, "recall": 0.9029850746268657, "f1-score": 0.9236641221374046, "support": 134.0}, "6": {"precision": 0.88, "recall": 0.9041095890410958, "f1-score": 0.8918918918918919, "support": 146.0}, "accuracy": 0.9947884094225558, "macro avg": {"precision": 0.9387759272590805, "recall": 0.9170429502622852, "f1-score": 0.927260433722813, "support": 19188.0}, "weighted avg": {"precision": 0.9947202283220528, "recall": 0.9947884094225558, "f1-score": 0.9947300369754277, "support": 19188.0}}