{"0": {"precision": 1.0, "recall": 0.9995344196873961, "f1-score": 0.999767155639823, "support": 15035}, "1": {"precision": 1.0, "recall": 0.9943946188340808, "f1-score": 0.9971894322653176, "support": 892}, "2": {"precision": 0.9884422110552764, "recall": 1.0, "f1-score": 0.994187515794794, "support": 1967}, "3": {"precision": 0.0, "recall": 0.0, "f1-score": 0.0, "support": 4}, "4": {"precision": 1.0, "recall": 0.9975786924939467, "f1-score": 0.9987878787878788, "support": 1239}, "5": {"precision": 1.0, "recall": 0.979381443298969, "f1-score": 0.9895833333333333, "support": 97}, "6": {"precision": 1.0, "recall": 0.5, "f1-score": 0.6666666666666666, "support": 4}, "accuracy": 0.9988044495269779, "macro avg": {"precision": 0.855491744436468, "recall": 0.7815555963306275, "f1-score": 0.8065974260696877, "support": 19238}, "weighted avg": {"precision": 0.9986103456256228, "recall": 0.9988044495269779, "f1-score": 0.9986855927857335, "support": 19238}}