{"0": {"precision": 1.0, "recall": 0.999467908214167, "f1-score": 0.9997338833078304, "support": 15035}, "1": {"precision": 0.996629213483146, "recall": 0.9943946188340808, "f1-score": 0.9955106621773288, "support": 892}, "2": {"precision": 0.9888888888888889, "recall": 0.9954245043213015, "f1-score": 0.9921459336204712, "support": 1967}, "3": {"precision": 0.0, "recall": 0.0, "f1-score": 0.0, "support": 4}, "4": {"precision": 0.9975786924939467, "recall": 0.9975786924939467, "f1-score": 0.9975786924939467, "support": 1239}, "5": {"precision": 0.9795918367346939, "recall": 0.9896907216494846, "f1-score": 0.9846153846153847, "support": 97}, "6": {"precision": 0.5, "recall": 0.5, "f1-score": 0.5, "support": 4}, "accuracy": 0.9983366254288387, "macro avg": {"precision": 0.780384090228668, "recall": 0.7823652065018544, "f1-score": 0.781369222316423, "support": 19238}, "weighted avg": {"precision": 0.9981369222910218, "recall": 0.9983366254288387, "f1-score": 0.9982354293551599, "support": 19238}}