{"0": {"precision": 0.9976442162488675, "recall": 0.9989717534627715, "f1-score": 0.9983075435203095, "support": 16533.0}, "1": {"precision": 0.993704092339979, "recall": 0.9813471502590674, "f1-score": 0.9874869655891554, "support": 965.0}, "2": {"precision": 0.9186046511627907, "recall": 0.8494623655913979, "f1-score": 0.88268156424581, "support": 93.0}, "3": {"precision": 0.7722772277227723, "recall": 0.8478260869565217, "f1-score": 0.8082901554404145, "support": 92.0}, "4": {"precision": 0.9920318725099602, "recall": 0.9912420382165605, "f1-score": 0.991636798088411, "support": 1256.0}, "5": {"precision": 0.9903846153846154, "recall": 0.8512396694214877, "f1-score": 0.9155555555555556, "support": 121.0}, "6": {"precision": 0.8967391304347826, "recall": 0.9269662921348315, "f1-score": 0.9116022099447514, "support": 178.0}, "accuracy": 0.9945420521883772, "macro avg": {"precision": 0.9373408294005382, "recall": 0.9210079080060911, "f1-score": 0.9279372560549154, "support": 19238.0}, "weighted avg": {"precision": 0.9946410307417963, "recall": 0.9945420521883772, "f1-score": 0.9945388737177269, "support": 19238.0}}