{"0": {"precision": 0.9975833736104398, "recall": 0.9987298131010706, "f1-score": 0.998156264168052, "support": 16533.0}, "1": {"precision": 0.9885654885654885, "recall": 0.9854922279792746, "f1-score": 0.987026466009341, "support": 965.0}, "2": {"precision": 0.9302325581395349, "recall": 0.8602150537634409, "f1-score": 0.8938547486033519, "support": 93.0}, "3": {"precision": 0.8478260869565217, "recall": 0.8478260869565217, "f1-score": 0.8478260869565217, "support": 92.0}, "4": {"precision": 0.9896907216494846, "recall": 0.9936305732484076, "f1-score": 0.9916567342073898, "support": 1256.0}, "5": {"precision": 0.963963963963964, "recall": 0.8842975206611571, "f1-score": 0.9224137931034483, "support": 121.0}, "6": {"precision": 0.9137931034482759, "recall": 0.8932584269662921, "f1-score": 0.9034090909090909, "support": 178.0}, "accuracy": 0.9946460130990747, "macro avg": {"precision": 0.9473793280476729, "recall": 0.9233499575251664, "f1-score": 0.9349061691367423, "support": 19238.0}, "weighted avg": {"precision": 0.9945872543257751, "recall": 0.9946460130990747, "f1-score": 0.9945974785383794, "support": 19238.0}}