{"0": {"precision": 1.0, "recall": 0.9994013967409379, "f1-score": 0.9997006087621836, "support": 15035}, "1": {"precision": 0.9988738738738738, "recall": 0.9943946188340808, "f1-score": 0.9966292134831461, "support": 892}, "2": {"precision": 0.98842476094615, "recall": 0.9984748347737672, "f1-score": 0.9934243803743046, "support": 1967}, "3": {"precision": 0.0, "recall": 0.0, "f1-score": 0.0, "support": 4}, "4": {"precision": 1.0, "recall": 0.9975786924939467, "f1-score": 0.9987878787878788, "support": 1239}, "5": {"precision": 1.0, "recall": 0.9896907216494846, "f1-score": 0.9948186528497409, "support": 97}, "6": {"precision": 0.4, "recall": 0.5, "f1-score": 0.4444444444444445, "support": 4}, "accuracy": 0.9985965277055827, "macro avg": {"precision": 0.7696140906885748, "recall": 0.782791466356031, "f1-score": 0.7754007398145284, "support": 19238}, "weighted avg": {"precision": 0.9984315937351373, "recall": 0.9985965277055827, "f1-score": 0.9985097742117183, "support": 19238}}