{"0": {"precision": 0.9972232282989255, "recall": 0.9992136938244722, "f1-score": 0.9982174688057041, "support": 16533.0}, "1": {"precision": 0.9874739039665971, "recall": 0.9803108808290155, "f1-score": 0.983879355174207, "support": 965.0}, "2": {"precision": 0.8651685393258427, "recall": 0.8279569892473119, "f1-score": 0.8461538461538461, "support": 93.0}, "3": {"precision": 0.8888888888888888, "recall": 0.782608695652174, "f1-score": 0.8323699421965318, "support": 92.0}, "4": {"precision": 0.9936153232242618, "recall": 0.9912420382165605, "f1-score": 0.9924272618573137, "support": 1256.0}, "5": {"precision": 0.9722222222222222, "recall": 0.8677685950413223, "f1-score": 0.9170305676855895, "support": 121.0}, "6": {"precision": 0.8907103825136612, "recall": 0.9157303370786517, "f1-score": 0.9030470914127424, "support": 178.0}, "accuracy": 0.9942821499116332, "macro avg": {"precision": 0.9421860697771999, "recall": 0.9092616042699297, "f1-score": 0.9247322190408477, "support": 19238.0}, "weighted avg": {"precision": 0.9941994274703699, "recall": 0.9942821499116332, "f1-score": 0.9942008032922557, "support": 19238.0}}