{"0": {"precision": 0.999261379374019, "recall": 0.9998306363454402, "f1-score": 0.9995459268095587, "support": 64949.0}, "1": {"precision": 0.9990314769975787, "recall": 0.996859144720947, "f1-score": 0.9979441286733584, "support": 4139.0}, "2": {"precision": 0.98005698005698, "recall": 0.9635854341736695, "f1-score": 0.9717514124293786, "support": 357.0}, "3": {"precision": 0.9731182795698925, "recall": 0.9653333333333334, "f1-score": 0.9692101740294511, "support": 375.0}, "4": {"precision": 0.9992950299612267, "recall": 0.9985910531877422, "f1-score": 0.9989429175475687, "support": 5678.0}, "5": {"precision": 0.9938271604938271, "recall": 0.9737903225806451, "f1-score": 0.9837067209775967, "support": 496.0}, "6": {"precision": 0.972, "recall": 0.9655629139072848, "f1-score": 0.9687707641196013, "support": 755.0}, "accuracy": 0.9987361398845588, "macro avg": {"precision": 0.9880843294933604, "recall": 0.9805075483212945, "f1-score": 0.9842674349409305, "support": 76749.0}, "weighted avg": {"precision": 0.9987311073851123, "recall": 0.9987361398845588, "f1-score": 0.9987323165745701, "support": 76749.0}}