{"0": {"precision": 0.999983344991839, "recall": 0.9999666905384474, "f1-score": 0.9999750176957989, "support": 60043}, "1": {"precision": 1.0, "recall": 0.9991391678622669, "f1-score": 0.9995693985933688, "support": 3485}, "2": {"precision": 0.9981127327629592, "recall": 0.9997479521109011, "f1-score": 0.9989296732355348, "support": 7935}, "3": {"precision": 0.9285714285714286, "recall": 0.7647058823529411, "f1-score": 0.8387096774193549, "support": 17}, "4": {"precision": 0.9998007174172977, "recall": 0.999402390438247, "f1-score": 0.9996015142458657, "support": 5020}, "5": {"precision": 1.0, "recall": 0.9953703703703703, "f1-score": 0.9976798143851509, "support": 432}, "6": {"precision": 0.9375, "recall": 0.8333333333333334, "f1-score": 0.8823529411764706, "support": 18}, "accuracy": 0.9997530864197531, "macro avg": {"precision": 0.9805668891062177, "recall": 0.9416665410009294, "f1-score": 0.9595454338216494, "support": 76950}, "weighted avg": {"precision": 0.9997489906892736, "recall": 0.9997530864197531, "f1-score": 0.9997484600067144, "support": 76950}}