{"0": {"precision": 0.9997338833078305, "recall": 0.999467908214167, "f1-score": 0.9996008780682499, "support": 15035}, "1": {"precision": 1.0, "recall": 0.9932735426008968, "f1-score": 0.9966254218222722, "support": 892}, "2": {"precision": 0.988430583501006, "recall": 0.9989832231825114, "f1-score": 0.9936788874841972, "support": 1967}, "3": {"precision": 0.0, "recall": 0.0, "f1-score": 0.0, "support": 4}, "4": {"precision": 1.0, "recall": 0.9967715899919289, "f1-score": 0.9983831851253031, "support": 1239}, "5": {"precision": 1.0, "recall": 0.9896907216494846, "f1-score": 0.9948186528497409, "support": 97}, "6": {"precision": 1.0, "recall": 0.5, "f1-score": 0.6666666666666666, "support": 4}, "accuracy": 0.9985965277055827, "macro avg": {"precision": 0.8554520666869766, "recall": 0.7825981408055698, "f1-score": 0.8071105274309186, "support": 19238}, "weighted avg": {"precision": 0.9984011796070128, "recall": 0.9985965277055827, "f1-score": 0.9984778195273087, "support": 19238}}