{"0": {"precision": 0.9999666910931984, "recall": 0.9999833452692237, "f1-score": 0.999975018111869, "support": 60043}, "1": {"precision": 1.0, "recall": 0.9988522238163559, "f1-score": 0.9994257823715188, "support": 3485}, "2": {"precision": 0.9979866616333207, "recall": 0.9994959042218021, "f1-score": 0.9987407127565797, "support": 7935}, "3": {"precision": 1.0, "recall": 0.7647058823529411, "f1-score": 0.8666666666666666, "support": 17}, "4": {"precision": 1.0, "recall": 0.999402390438247, "f1-score": 0.9997011059081399, "support": 5020}, "5": {"precision": 1.0, "recall": 0.9953703703703703, "f1-score": 0.9976798143851509, "support": 432}, "6": {"precision": 0.8333333333333334, "recall": 0.8333333333333334, "f1-score": 0.8333333333333334, "support": 18}, "accuracy": 0.9997270955165692, "macro avg": {"precision": 0.9758980980085503, "recall": 0.9415919214003248, "f1-score": 0.9565032047904654, "support": 76950}, "weighted avg": {"precision": 0.999727409920329, "recall": 0.9997270955165692, "f1-score": 0.9997236775124854, "support": 76950}}